{
    "id": 249,
    "parent_participant_id": 1,
    "rating": 3,
    "text": "A new moment",
    "gps": {
        "long": -0.9690230999999998,
        "lat": 51.4687304
    },
    "added_ts": "2018-07-28T15:49:33.548062",
    "modified_ts": "2018-07-28T15:49:33.548068",
    "mark_for_download": true,
    "tags": [],
    "comments": [
        {
            "id": 917,
            "parent_moment": 249,
            "author_id": 3,
            "consultant_author": true,
            "display_name": "AdamD",
            "text": "Lookin' good!",
            "ts": "2018-08-01T15:19:40.278143"
        }
    ],
    "project_id": 1
}