{
    "id": 55,
    "parent_participant_id": 65,
    "rating": 5,
    "text": "Test moment 0",
    "gps": {
        "long": null,
        "lat": null
    },
    "added_ts": "2018-07-23T10:57:57.105633",
    "modified_ts": "2018-07-23T10:57:57.105639",
    "mark_for_download": true,
    "tags": [],
    "comments": [
        {
            "id": 49,
            "parent_moment": 55,
            "author_id": 3,
            "consultant_author": true,
            "display_name": "AdamD",
            "text": "Hello!",
            "ts": "2018-07-23T10:57:57.185150"
        },
        {
            "id": 50,
            "parent_moment": 55,
            "author_id": 65,
            "consultant_author": false,
            "display_name": "Participant 6",
            "text": "Hi there!",
            "ts": "2018-07-23T10:57:57.186392"
        }
    ],
    "project_id": 9
}