{
    "id": 249,
    "parent_participant_id": 1,
    "rating": 3,
    "text": "A new moment",
    "gps": {
        "long": -0.9690230999999998,
        "lat": 51.4687304
    },
    "added_ts": "2018-07-28T15:49:33.548062",
    "modified_ts": "2018-07-28T15:49:33.548068",
    "mark_for_download": true,
    "tags": [],
    "comments": [
        {
            "id": 840,
            "parent_moment": 249,
            "author_id": 3,
            "consultant_author": true,
            "display_name": "AdamD",
            "text": "This is a new comment",
            "ts": "2018-07-28T15:44:30.490365"
        }
    ],
    "project_id": 1
}