id,parent_participant_id,rating,text,added_ts,modified_ts,mark_for_download,tags,project_id,participant_within_proj_num,gps_long,gps_lat
9,16,2,Testing stuff,2018-07-19T17:22:36.673859,2018-07-19T17:22:36.673859,True,Blobs,4,1,-0.10412089999999807,51.52286669999999
15,22,1,terrible!,2018-07-23T09:59:31.539355,2018-07-23T09:59:31.539361,True,,4,7,,
14,23,5,Homer's here!!,2018-07-23T09:25:18.904550,2018-07-23T09:25:18.904556,True,,4,8,,
13,23,5,Homer's here!!,2018-07-23T09:23:59.949571,2018-07-23T09:23:59.949577,True,,4,8,,
12,23,5,Homer's here!!,2018-07-23T09:22:26.939935,2018-07-23T09:22:26.939942,True,,4,8,,
11,23,3,Less good service,2018-07-23T09:00:41.571429,2018-07-23T09:00:41.571435,False,,4,8,,
10,23,5,The best service ever!,2018-07-23T08:58:48.145577,2018-07-23T08:58:48.145584,False,,4,8,,
