{
    "id": 253,
    "parent_participant_id": 68,
    "rating": 4,
    "text": "Higher res thunbnails",
    "gps": {
        "long": null,
        "lat": null
    },
    "added_ts": "2018-07-28T16:20:49.836734",
    "modified_ts": "2018-07-28T16:20:49.836742",
    "mark_for_download": true,
    "tags": [],
    "comments": [
        {
            "id": 846,
            "parent_moment": 253,
            "author_id": 3,
            "consultant_author": true,
            "display_name": "AdamD",
            "text": "Does this work?",
            "ts": "2018-07-31T17:46:19.937327"
        },
        {
            "id": 847,
            "parent_moment": 253,
            "author_id": 3,
            "consultant_author": true,
            "display_name": "AdamD",
            "text": "Does this work?",
            "ts": "2018-07-31T17:47:01.429822"
        },
        {
            "id": 848,
            "parent_moment": 253,
            "author_id": 3,
            "consultant_author": true,
            "display_name": "AdamD",
            "text": "Will it work better this time?",
            "ts": "2018-07-31T17:47:43.231274"
        },
        {
            "id": 849,
            "parent_moment": 253,
            "author_id": 3,
            "consultant_author": true,
            "display_name": "AdamD",
            "text": "It's working great!",
            "ts": "2018-07-31T17:47:48.396389"
        },
        {
            "id": 850,
            "parent_moment": 253,
            "author_id": 3,
            "consultant_author": true,
            "display_name": "AdamD",
            "text": "asd",
            "ts": "2018-07-31T17:48:12.733472"
        },
        {
            "id": 851,
            "parent_moment": 253,
            "author_id": 3,
            "consultant_author": true,
            "display_name": "AdamD",
            "text": "Rubbish comments here!",
            "ts": "2018-07-31T17:48:57.503440"
        },
        {
            "id": 852,
            "parent_moment": 253,
            "author_id": 3,
            "consultant_author": true,
            "display_name": "AdamD",
            "text": "A new comment added",
            "ts": "2018-07-31T18:00:22.162084"
        },
        {
            "id": 856,
            "parent_moment": 253,
            "author_id": 3,
            "consultant_author": true,
            "display_name": "AdamD",
            "text": "It works now, from an iPad too",
            "ts": "2018-07-31T18:36:00.763136"
        }
    ],
    "project_id": 10
}