id,parent_moment,author_id,consultant_author,display_name,text,ts
846,253,3,True,AdamD,Does this work?,2018-07-31T17:46:19.937327
847,253,3,True,AdamD,Does this work?,2018-07-31T17:47:01.429822
848,253,3,True,AdamD,Will it work better this time?,2018-07-31T17:47:43.231274
849,253,3,True,AdamD,It's working great!,2018-07-31T17:47:48.396389
850,253,3,True,AdamD,asd,2018-07-31T17:48:12.733472
851,253,3,True,AdamD,Rubbish comments here!,2018-07-31T17:48:57.503440
852,253,3,True,AdamD,A new comment added,2018-07-31T18:00:22.162084
856,253,3,True,AdamD,"It works now, from an iPad too",2018-07-31T18:36:00.763136
