{
    "id": 260,
    "parent_participant_id": 1,
    "rating": 4,
    "text": "Testing that new moments appear on the consultant dashboard.",
    "gps": {
        "long": null,
        "lat": null
    },
    "added_ts": "2018-08-01T14:50:22.441764",
    "modified_ts": "2018-08-01T14:50:22.441772",
    "mark_for_download": true,
    "tags": [],
    "comments": [
        {
            "id": 919,
            "parent_moment": 260,
            "author_id": 1,
            "consultant_author": false,
            "display_name": "Participant 1",
            "text": "Another new comment",
            "ts": "2018-08-01T15:23:57.283173"
        }
    ],
    "project_id": 1
}