{
    "id": 9,
    "bf_code": "BF2003",
    "client_id": 4,
    "client": {
        "id": 4,
        "description": "ACME Inc.",
        "contact_name": "Joe Bloggs",
        "contact_email": "joe@acme.com",
        "contact_phone": "0800100800"
    },
    "title": "Test Project",
    "project_type_id": 1,
    "project_type_description": "Default Project",
    "active": true,
    "start_ts": "2018-07-23T10:57:56.663205",
    "last_activity_ts": "2018-07-23T10:58:35.645733",
    "consultants": [
        {
            "id": 3,
            "email": "adam@bunnyfoot.com",
            "display_name": "AdamD",
            "first_name": "Adam",
            "last_name": "Dimmick",
            "active": true,
            "admin": true
        }
    ],
    "participants": [
        {
            "id": 60,
            "within_project_number": 1,
            "display_name": "Participant 1",
            "active": true,
            "last_activity_ts": "2018-07-23T10:57:56.669551",
            "description": "Project participant",
            "download_bundle_path": null,
            "moments": [
                {
                    "id": 42,
                    "parent_participant_id": 60,
                    "rating": 3,
                    "text": "Test moment 2",
                    "gps": {
                        "long": null,
                        "lat": null
                    },
                    "added_ts": "2018-07-23T10:57:56.748555",
                    "modified_ts": "2018-07-23T10:57:56.748561",
                    "mark_for_download": true,
                    "tags": [],
                    "comments": [
                        {
                            "id": 15,
                            "parent_moment": 42,
                            "author_id": 3,
                            "consultant_author": true,
                            "display_name": "AdamD",
                            "text": "Hello!",
                            "ts": "2018-07-23T10:57:56.771660"
                        },
                        {
                            "id": 16,
                            "parent_moment": 42,
                            "author_id": 60,
                            "consultant_author": false,
                            "display_name": "Participant 1",
                            "text": "Hi there!",
                            "ts": "2018-07-23T10:57:56.773191"
                        }
                    ],
                    "download_bundle_path": null
                },
                {
                    "id": 41,
                    "parent_participant_id": 60,
                    "rating": 3,
                    "text": "Test moment 1",
                    "gps": {
                        "long": null,
                        "lat": null
                    },
                    "added_ts": "2018-07-23T10:57:56.726404",
                    "modified_ts": "2018-07-23T10:57:56.726412",
                    "mark_for_download": true,
                    "tags": [],
                    "comments": [
                        {
                            "id": 17,
                            "parent_moment": 41,
                            "author_id": 3,
                            "consultant_author": true,
                            "display_name": "AdamD",
                            "text": "Hello!",
                            "ts": "2018-07-23T10:57:56.775194"
                        },
                        {
                            "id": 18,
                            "parent_moment": 41,
                            "author_id": 60,
                            "consultant_author": false,
                            "display_name": "Participant 1",
                            "text": "Hi there!",
                            "ts": "2018-07-23T10:57:56.776442"
                        }
                    ],
                    "download_bundle_path": null
                },
                {
                    "id": 40,
                    "parent_participant_id": 60,
                    "rating": 3,
                    "text": "Test moment 0",
                    "gps": {
                        "long": null,
                        "lat": null
                    },
                    "added_ts": "2018-07-23T10:57:56.691783",
                    "modified_ts": "2018-07-23T10:57:56.691792",
                    "mark_for_download": true,
                    "tags": [],
                    "comments": [
                        {
                            "id": 19,
                            "parent_moment": 40,
                            "author_id": 3,
                            "consultant_author": true,
                            "display_name": "AdamD",
                            "text": "Hello!",
                            "ts": "2018-07-23T10:57:56.778501"
                        },
                        {
                            "id": 20,
                            "parent_moment": 40,
                            "author_id": 60,
                            "consultant_author": false,
                            "display_name": "Participant 1",
                            "text": "Hi there!",
                            "ts": "2018-07-23T10:57:56.779869"
                        }
                    ],
                    "download_bundle_path": null
                }
            ]
        },
        {
            "id": 61,
            "within_project_number": 2,
            "display_name": "Participant 2",
            "active": true,
            "last_activity_ts": "2018-07-23T10:57:56.671376",
            "description": "Project participant",
            "download_bundle_path": null,
            "moments": [
                {
                    "id": 45,
                    "parent_participant_id": 61,
                    "rating": 3,
                    "text": "Test moment 2",
                    "gps": {
                        "long": null,
                        "lat": null
                    },
                    "added_ts": "2018-07-23T10:57:56.828156",
                    "modified_ts": "2018-07-23T10:57:56.828163",
                    "mark_for_download": true,
                    "tags": [],
                    "comments": [
                        {
                            "id": 21,
                            "parent_moment": 45,
                            "author_id": 3,
                            "consultant_author": true,
                            "display_name": "AdamD",
                            "text": "Hello!",
                            "ts": "2018-07-23T10:57:56.850929"
                        },
                        {
                            "id": 22,
                            "parent_moment": 45,
                            "author_id": 61,
                            "consultant_author": false,
                            "display_name": "Participant 2",
                            "text": "Hi there!",
                            "ts": "2018-07-23T10:57:56.852228"
                        }
                    ],
                    "download_bundle_path": null
                },
                {
                    "id": 44,
                    "parent_participant_id": 61,
                    "rating": 5,
                    "text": "Test moment 1",
                    "gps": {
                        "long": null,
                        "lat": null
                    },
                    "added_ts": "2018-07-23T10:57:56.805163",
                    "modified_ts": "2018-07-23T10:57:56.805171",
                    "mark_for_download": true,
                    "tags": [],
                    "comments": [
                        {
                            "id": 23,
                            "parent_moment": 44,
                            "author_id": 3,
                            "consultant_author": true,
                            "display_name": "AdamD",
                            "text": "Hello!",
                            "ts": "2018-07-23T10:57:56.854114"
                        },
                        {
                            "id": 24,
                            "parent_moment": 44,
                            "author_id": 61,
                            "consultant_author": false,
                            "display_name": "Participant 2",
                            "text": "Hi there!",
                            "ts": "2018-07-23T10:57:56.855530"
                        }
                    ],
                    "download_bundle_path": null
                },
                {
                    "id": 43,
                    "parent_participant_id": 61,
                    "rating": 3,
                    "text": "Test moment 0",
                    "gps": {
                        "long": null,
                        "lat": null
                    },
                    "added_ts": "2018-07-23T10:57:56.782001",
                    "modified_ts": "2018-07-23T10:57:56.782006",
                    "mark_for_download": true,
                    "tags": [],
                    "comments": [
                        {
                            "id": 25,
                            "parent_moment": 43,
                            "author_id": 3,
                            "consultant_author": true,
                            "display_name": "AdamD",
                            "text": "Hello!",
                            "ts": "2018-07-23T10:57:56.857599"
                        },
                        {
                            "id": 26,
                            "parent_moment": 43,
                            "author_id": 61,
                            "consultant_author": false,
                            "display_name": "Participant 2",
                            "text": "Hi there!",
                            "ts": "2018-07-23T10:57:56.858830"
                        }
                    ],
                    "download_bundle_path": null
                }
            ]
        },
        {
            "id": 62,
            "within_project_number": 3,
            "display_name": "Participant 3",
            "active": true,
            "last_activity_ts": "2018-07-23T10:57:56.674089",
            "description": "Project participant",
            "download_bundle_path": null,
            "moments": [
                {
                    "id": 48,
                    "parent_participant_id": 62,
                    "rating": 5,
                    "text": "Test moment 2",
                    "gps": {
                        "long": null,
                        "lat": null
                    },
                    "added_ts": "2018-07-23T10:57:56.910679",
                    "modified_ts": "2018-07-23T10:57:56.910687",
                    "mark_for_download": true,
                    "tags": [],
                    "comments": [
                        {
                            "id": 27,
                            "parent_moment": 48,
                            "author_id": 3,
                            "consultant_author": true,
                            "display_name": "AdamD",
                            "text": "Hello!",
                            "ts": "2018-07-23T10:57:56.933046"
                        },
                        {
                            "id": 28,
                            "parent_moment": 48,
                            "author_id": 62,
                            "consultant_author": false,
                            "display_name": "Participant 3",
                            "text": "Hi there!",
                            "ts": "2018-07-23T10:57:56.934401"
                        }
                    ],
                    "download_bundle_path": null
                },
                {
                    "id": 47,
                    "parent_participant_id": 62,
                    "rating": 1,
                    "text": "Test moment 1",
                    "gps": {
                        "long": null,
                        "lat": null
                    },
                    "added_ts": "2018-07-23T10:57:56.885183",
                    "modified_ts": "2018-07-23T10:57:56.885200",
                    "mark_for_download": true,
                    "tags": [],
                    "comments": [
                        {
                            "id": 29,
                            "parent_moment": 47,
                            "author_id": 3,
                            "consultant_author": true,
                            "display_name": "AdamD",
                            "text": "Hello!",
                            "ts": "2018-07-23T10:57:56.936351"
                        },
                        {
                            "id": 30,
                            "parent_moment": 47,
                            "author_id": 62,
                            "consultant_author": false,
                            "display_name": "Participant 3",
                            "text": "Hi there!",
                            "ts": "2018-07-23T10:57:56.937697"
                        }
                    ],
                    "download_bundle_path": null
                },
                {
                    "id": 46,
                    "parent_participant_id": 62,
                    "rating": 4,
                    "text": "Test moment 0",
                    "gps": {
                        "long": null,
                        "lat": null
                    },
                    "added_ts": "2018-07-23T10:57:56.860867",
                    "modified_ts": "2018-07-23T10:57:56.860872",
                    "mark_for_download": true,
                    "tags": [],
                    "comments": [
                        {
                            "id": 31,
                            "parent_moment": 46,
                            "author_id": 3,
                            "consultant_author": true,
                            "display_name": "AdamD",
                            "text": "Hello!",
                            "ts": "2018-07-23T10:57:56.939621"
                        },
                        {
                            "id": 32,
                            "parent_moment": 46,
                            "author_id": 62,
                            "consultant_author": false,
                            "display_name": "Participant 3",
                            "text": "Hi there!",
                            "ts": "2018-07-23T10:57:56.940947"
                        }
                    ],
                    "download_bundle_path": null
                }
            ]
        },
        {
            "id": 63,
            "within_project_number": 4,
            "display_name": "Participant 4",
            "active": true,
            "last_activity_ts": "2018-07-23T10:57:56.676696",
            "description": "Project participant",
            "download_bundle_path": null,
            "moments": [
                {
                    "id": 51,
                    "parent_participant_id": 63,
                    "rating": 5,
                    "text": "Test moment 2",
                    "gps": {
                        "long": null,
                        "lat": null
                    },
                    "added_ts": "2018-07-23T10:57:56.990030",
                    "modified_ts": "2018-07-23T10:57:56.990038",
                    "mark_for_download": true,
                    "tags": [],
                    "comments": [
                        {
                            "id": 33,
                            "parent_moment": 51,
                            "author_id": 3,
                            "consultant_author": true,
                            "display_name": "AdamD",
                            "text": "Hello!",
                            "ts": "2018-07-23T10:57:57.013604"
                        },
                        {
                            "id": 34,
                            "parent_moment": 51,
                            "author_id": 63,
                            "consultant_author": false,
                            "display_name": "Participant 4",
                            "text": "Hi there!",
                            "ts": "2018-07-23T10:57:57.015214"
                        }
                    ],
                    "download_bundle_path": null
                },
                {
                    "id": 50,
                    "parent_participant_id": 63,
                    "rating": 4,
                    "text": "Test moment 1",
                    "gps": {
                        "long": null,
                        "lat": null
                    },
                    "added_ts": "2018-07-23T10:57:56.967108",
                    "modified_ts": "2018-07-23T10:57:56.967115",
                    "mark_for_download": true,
                    "tags": [],
                    "comments": [
                        {
                            "id": 35,
                            "parent_moment": 50,
                            "author_id": 3,
                            "consultant_author": true,
                            "display_name": "AdamD",
                            "text": "Hello!",
                            "ts": "2018-07-23T10:57:57.017260"
                        },
                        {
                            "id": 36,
                            "parent_moment": 50,
                            "author_id": 63,
                            "consultant_author": false,
                            "display_name": "Participant 4",
                            "text": "Hi there!",
                            "ts": "2018-07-23T10:57:57.018536"
                        }
                    ],
                    "download_bundle_path": null
                },
                {
                    "id": 49,
                    "parent_participant_id": 63,
                    "rating": 3,
                    "text": "Test moment 0",
                    "gps": {
                        "long": null,
                        "lat": null
                    },
                    "added_ts": "2018-07-23T10:57:56.943224",
                    "modified_ts": "2018-07-23T10:57:56.943231",
                    "mark_for_download": true,
                    "tags": [],
                    "comments": [
                        {
                            "id": 37,
                            "parent_moment": 49,
                            "author_id": 3,
                            "consultant_author": true,
                            "display_name": "AdamD",
                            "text": "Hello!",
                            "ts": "2018-07-23T10:57:57.020769"
                        },
                        {
                            "id": 38,
                            "parent_moment": 49,
                            "author_id": 63,
                            "consultant_author": false,
                            "display_name": "Participant 4",
                            "text": "Hi there!",
                            "ts": "2018-07-23T10:57:57.022064"
                        }
                    ],
                    "download_bundle_path": null
                }
            ]
        },
        {
            "id": 64,
            "within_project_number": 5,
            "display_name": "Participant 5",
            "active": true,
            "last_activity_ts": "2018-07-23T10:57:56.678798",
            "description": "Project participant",
            "download_bundle_path": null,
            "moments": [
                {
                    "id": 54,
                    "parent_participant_id": 64,
                    "rating": 2,
                    "text": "Test moment 2",
                    "gps": {
                        "long": null,
                        "lat": null
                    },
                    "added_ts": "2018-07-23T10:57:57.072577",
                    "modified_ts": "2018-07-23T10:57:57.072584",
                    "mark_for_download": true,
                    "tags": [],
                    "comments": [
                        {
                            "id": 39,
                            "parent_moment": 54,
                            "author_id": 3,
                            "consultant_author": true,
                            "display_name": "AdamD",
                            "text": "Hello!",
                            "ts": "2018-07-23T10:57:57.095567"
                        },
                        {
                            "id": 40,
                            "parent_moment": 54,
                            "author_id": 64,
                            "consultant_author": false,
                            "display_name": "Participant 5",
                            "text": "Hi there!",
                            "ts": "2018-07-23T10:57:57.096880"
                        }
                    ],
                    "download_bundle_path": null
                },
                {
                    "id": 53,
                    "parent_participant_id": 64,
                    "rating": 3,
                    "text": "Test moment 1",
                    "gps": {
                        "long": null,
                        "lat": null
                    },
                    "added_ts": "2018-07-23T10:57:57.047037",
                    "modified_ts": "2018-07-23T10:57:57.047043",
                    "mark_for_download": true,
                    "tags": [],
                    "comments": [
                        {
                            "id": 41,
                            "parent_moment": 53,
                            "author_id": 3,
                            "consultant_author": true,
                            "display_name": "AdamD",
                            "text": "Hello!",
                            "ts": "2018-07-23T10:57:57.098885"
                        },
                        {
                            "id": 42,
                            "parent_moment": 53,
                            "author_id": 64,
                            "consultant_author": false,
                            "display_name": "Participant 5",
                            "text": "Hi there!",
                            "ts": "2018-07-23T10:57:57.100114"
                        }
                    ],
                    "download_bundle_path": null
                },
                {
                    "id": 52,
                    "parent_participant_id": 64,
                    "rating": 1,
                    "text": "Test moment 0",
                    "gps": {
                        "long": null,
                        "lat": null
                    },
                    "added_ts": "2018-07-23T10:57:57.024374",
                    "modified_ts": "2018-07-23T10:57:57.024379",
                    "mark_for_download": true,
                    "tags": [],
                    "comments": [
                        {
                            "id": 43,
                            "parent_moment": 52,
                            "author_id": 3,
                            "consultant_author": true,
                            "display_name": "AdamD",
                            "text": "Hello!",
                            "ts": "2018-07-23T10:57:57.102079"
                        },
                        {
                            "id": 44,
                            "parent_moment": 52,
                            "author_id": 64,
                            "consultant_author": false,
                            "display_name": "Participant 5",
                            "text": "Hi there!",
                            "ts": "2018-07-23T10:57:57.103453"
                        }
                    ],
                    "download_bundle_path": null
                }
            ]
        },
        {
            "id": 65,
            "within_project_number": 6,
            "display_name": "Participant 6",
            "active": true,
            "last_activity_ts": "2018-07-23T10:57:56.681283",
            "description": "Project participant",
            "download_bundle_path": null,
            "moments": [
                {
                    "id": 57,
                    "parent_participant_id": 65,
                    "rating": 1,
                    "text": "Test moment 2",
                    "gps": {
                        "long": null,
                        "lat": null
                    },
                    "added_ts": "2018-07-23T10:57:57.153743",
                    "modified_ts": "2018-07-23T10:57:57.153751",
                    "mark_for_download": true,
                    "tags": [],
                    "comments": [
                        {
                            "id": 45,
                            "parent_moment": 57,
                            "author_id": 3,
                            "consultant_author": true,
                            "display_name": "AdamD",
                            "text": "Hello!",
                            "ts": "2018-07-23T10:57:57.178365"
                        },
                        {
                            "id": 46,
                            "parent_moment": 57,
                            "author_id": 65,
                            "consultant_author": false,
                            "display_name": "Participant 6",
                            "text": "Hi there!",
                            "ts": "2018-07-23T10:57:57.179781"
                        }
                    ],
                    "download_bundle_path": null
                },
                {
                    "id": 56,
                    "parent_participant_id": 65,
                    "rating": 2,
                    "text": "Test moment 1",
                    "gps": {
                        "long": null,
                        "lat": null
                    },
                    "added_ts": "2018-07-23T10:57:57.128503",
                    "modified_ts": "2018-07-23T10:57:57.128510",
                    "mark_for_download": true,
                    "tags": [],
                    "comments": [
                        {
                            "id": 47,
                            "parent_moment": 56,
                            "author_id": 3,
                            "consultant_author": true,
                            "display_name": "AdamD",
                            "text": "Hello!",
                            "ts": "2018-07-23T10:57:57.181786"
                        },
                        {
                            "id": 48,
                            "parent_moment": 56,
                            "author_id": 65,
                            "consultant_author": false,
                            "display_name": "Participant 6",
                            "text": "Hi there!",
                            "ts": "2018-07-23T10:57:57.183216"
                        }
                    ],
                    "download_bundle_path": null
                },
                {
                    "id": 55,
                    "parent_participant_id": 65,
                    "rating": 5,
                    "text": "Test moment 0",
                    "gps": {
                        "long": null,
                        "lat": null
                    },
                    "added_ts": "2018-07-23T10:57:57.105633",
                    "modified_ts": "2018-07-23T10:57:57.105639",
                    "mark_for_download": true,
                    "tags": [],
                    "comments": [
                        {
                            "id": 49,
                            "parent_moment": 55,
                            "author_id": 3,
                            "consultant_author": true,
                            "display_name": "AdamD",
                            "text": "Hello!",
                            "ts": "2018-07-23T10:57:57.185150"
                        },
                        {
                            "id": 50,
                            "parent_moment": 55,
                            "author_id": 65,
                            "consultant_author": false,
                            "display_name": "Participant 6",
                            "text": "Hi there!",
                            "ts": "2018-07-23T10:57:57.186392"
                        }
                    ],
                    "download_bundle_path": null
                }
            ]
        },
        {
            "id": 66,
            "within_project_number": 7,
            "display_name": "Participant 7",
            "active": true,
            "last_activity_ts": "2018-07-23T10:57:56.684265",
            "description": "Project participant",
            "download_bundle_path": null,
            "moments": [
                {
                    "id": 60,
                    "parent_participant_id": 66,
                    "rating": 3,
                    "text": "Test moment 2",
                    "gps": {
                        "long": null,
                        "lat": null
                    },
                    "added_ts": "2018-07-23T10:57:57.233724",
                    "modified_ts": "2018-07-23T10:57:57.233732",
                    "mark_for_download": true,
                    "tags": [],
                    "comments": [
                        {
                            "id": 51,
                            "parent_moment": 60,
                            "author_id": 3,
                            "consultant_author": true,
                            "display_name": "AdamD",
                            "text": "Hello!",
                            "ts": "2018-07-23T10:57:57.256611"
                        },
                        {
                            "id": 52,
                            "parent_moment": 60,
                            "author_id": 66,
                            "consultant_author": false,
                            "display_name": "Participant 7",
                            "text": "Hi there!",
                            "ts": "2018-07-23T10:57:57.257905"
                        }
                    ],
                    "download_bundle_path": null
                },
                {
                    "id": 59,
                    "parent_participant_id": 66,
                    "rating": 2,
                    "text": "Test moment 1",
                    "gps": {
                        "long": null,
                        "lat": null
                    },
                    "added_ts": "2018-07-23T10:57:57.211310",
                    "modified_ts": "2018-07-23T10:57:57.211317",
                    "mark_for_download": true,
                    "tags": [],
                    "comments": [
                        {
                            "id": 53,
                            "parent_moment": 59,
                            "author_id": 3,
                            "consultant_author": true,
                            "display_name": "AdamD",
                            "text": "Hello!",
                            "ts": "2018-07-23T10:57:57.259837"
                        },
                        {
                            "id": 54,
                            "parent_moment": 59,
                            "author_id": 66,
                            "consultant_author": false,
                            "display_name": "Participant 7",
                            "text": "Hi there!",
                            "ts": "2018-07-23T10:57:57.261168"
                        }
                    ],
                    "download_bundle_path": null
                },
                {
                    "id": 58,
                    "parent_participant_id": 66,
                    "rating": 5,
                    "text": "Test moment 0",
                    "gps": {
                        "long": null,
                        "lat": null
                    },
                    "added_ts": "2018-07-23T10:57:57.188584",
                    "modified_ts": "2018-07-23T10:57:57.188589",
                    "mark_for_download": true,
                    "tags": [],
                    "comments": [
                        {
                            "id": 55,
                            "parent_moment": 58,
                            "author_id": 3,
                            "consultant_author": true,
                            "display_name": "AdamD",
                            "text": "Hello!",
                            "ts": "2018-07-23T10:57:57.263268"
                        },
                        {
                            "id": 56,
                            "parent_moment": 58,
                            "author_id": 66,
                            "consultant_author": false,
                            "display_name": "Participant 7",
                            "text": "Hi there!",
                            "ts": "2018-07-23T10:57:57.264506"
                        }
                    ],
                    "download_bundle_path": null
                }
            ]
        },
        {
            "id": 67,
            "within_project_number": 8,
            "display_name": "Participant 8",
            "active": true,
            "last_activity_ts": "2018-07-23T10:57:56.687697",
            "description": "Project participant",
            "download_bundle_path": null,
            "moments": [
                {
                    "id": 63,
                    "parent_participant_id": 67,
                    "rating": 2,
                    "text": "Test moment 2",
                    "gps": {
                        "long": null,
                        "lat": null
                    },
                    "added_ts": "2018-07-23T10:57:57.313909",
                    "modified_ts": "2018-07-23T10:57:57.313916",
                    "mark_for_download": true,
                    "tags": [],
                    "comments": [
                        {
                            "id": 57,
                            "parent_moment": 63,
                            "author_id": 3,
                            "consultant_author": true,
                            "display_name": "AdamD",
                            "text": "Hello!",
                            "ts": "2018-07-23T10:57:57.337096"
                        },
                        {
                            "id": 58,
                            "parent_moment": 63,
                            "author_id": 67,
                            "consultant_author": false,
                            "display_name": "Participant 8",
                            "text": "Hi there!",
                            "ts": "2018-07-23T10:57:57.338436"
                        }
                    ],
                    "download_bundle_path": null
                },
                {
                    "id": 62,
                    "parent_participant_id": 67,
                    "rating": 5,
                    "text": "Test moment 1",
                    "gps": {
                        "long": null,
                        "lat": null
                    },
                    "added_ts": "2018-07-23T10:57:57.289385",
                    "modified_ts": "2018-07-23T10:57:57.289393",
                    "mark_for_download": true,
                    "tags": [],
                    "comments": [
                        {
                            "id": 59,
                            "parent_moment": 62,
                            "author_id": 3,
                            "consultant_author": true,
                            "display_name": "AdamD",
                            "text": "Hello!",
                            "ts": "2018-07-23T10:57:57.340448"
                        },
                        {
                            "id": 60,
                            "parent_moment": 62,
                            "author_id": 67,
                            "consultant_author": false,
                            "display_name": "Participant 8",
                            "text": "Hi there!",
                            "ts": "2018-07-23T10:57:57.341851"
                        }
                    ],
                    "download_bundle_path": null
                },
                {
                    "id": 61,
                    "parent_participant_id": 67,
                    "rating": 4,
                    "text": "Test moment 0",
                    "gps": {
                        "long": null,
                        "lat": null
                    },
                    "added_ts": "2018-07-23T10:57:57.266520",
                    "modified_ts": "2018-07-23T10:57:57.266525",
                    "mark_for_download": true,
                    "tags": [],
                    "comments": [
                        {
                            "id": 61,
                            "parent_moment": 61,
                            "author_id": 3,
                            "consultant_author": true,
                            "display_name": "AdamD",
                            "text": "Hello!",
                            "ts": "2018-07-23T10:57:57.343787"
                        },
                        {
                            "id": 62,
                            "parent_moment": 61,
                            "author_id": 67,
                            "consultant_author": false,
                            "display_name": "Participant 8",
                            "text": "Hi there!",
                            "ts": "2018-07-23T10:57:57.345080"
                        }
                    ],
                    "download_bundle_path": null
                }
            ]
        }
    ]
}