id,project_id,within_project_number,display_name,active,last_activity_ts,description
60,9,1,Participant 1,True,2018-07-23T10:57:56.669551,Project participant
61,9,2,Participant 2,True,2018-07-23T10:57:56.671376,Project participant
62,9,3,Participant 3,True,2018-07-23T10:57:56.674089,Project participant
63,9,4,Participant 4,True,2018-07-23T10:57:56.676696,Project participant
64,9,5,Participant 5,True,2018-07-23T10:57:56.678798,Project participant
65,9,6,Participant 6,True,2018-07-23T10:57:56.681283,Project participant
66,9,7,Participant 7,True,2018-07-23T10:57:56.684265,Project participant
67,9,8,Participant 8,True,2018-07-23T10:57:56.687697,Project participant
