id,parent_moment,author_id,consultant_author,display_name,text,ts,author_type,project_id
15,42,3,True,AdamD,Hello!,2018-07-23T10:57:56.771660,consultant,9
16,42,60,False,Participant 1,Hi there!,2018-07-23T10:57:56.773191,participant,9
17,41,3,True,AdamD,Hello!,2018-07-23T10:57:56.775194,consultant,9
18,41,60,False,Participant 1,Hi there!,2018-07-23T10:57:56.776442,participant,9
19,40,3,True,AdamD,Hello!,2018-07-23T10:57:56.778501,consultant,9
20,40,60,False,Participant 1,Hi there!,2018-07-23T10:57:56.779869,participant,9
21,45,3,True,AdamD,Hello!,2018-07-23T10:57:56.850929,consultant,9
22,45,61,False,Participant 2,Hi there!,2018-07-23T10:57:56.852228,participant,9
23,44,3,True,AdamD,Hello!,2018-07-23T10:57:56.854114,consultant,9
24,44,61,False,Participant 2,Hi there!,2018-07-23T10:57:56.855530,participant,9
25,43,3,True,AdamD,Hello!,2018-07-23T10:57:56.857599,consultant,9
26,43,61,False,Participant 2,Hi there!,2018-07-23T10:57:56.858830,participant,9
27,48,3,True,AdamD,Hello!,2018-07-23T10:57:56.933046,consultant,9
28,48,62,False,Participant 3,Hi there!,2018-07-23T10:57:56.934401,participant,9
29,47,3,True,AdamD,Hello!,2018-07-23T10:57:56.936351,consultant,9
30,47,62,False,Participant 3,Hi there!,2018-07-23T10:57:56.937697,participant,9
31,46,3,True,AdamD,Hello!,2018-07-23T10:57:56.939621,consultant,9
32,46,62,False,Participant 3,Hi there!,2018-07-23T10:57:56.940947,participant,9
33,51,3,True,AdamD,Hello!,2018-07-23T10:57:57.013604,consultant,9
34,51,63,False,Participant 4,Hi there!,2018-07-23T10:57:57.015214,participant,9
35,50,3,True,AdamD,Hello!,2018-07-23T10:57:57.017260,consultant,9
36,50,63,False,Participant 4,Hi there!,2018-07-23T10:57:57.018536,participant,9
37,49,3,True,AdamD,Hello!,2018-07-23T10:57:57.020769,consultant,9
38,49,63,False,Participant 4,Hi there!,2018-07-23T10:57:57.022064,participant,9
39,54,3,True,AdamD,Hello!,2018-07-23T10:57:57.095567,consultant,9
40,54,64,False,Participant 5,Hi there!,2018-07-23T10:57:57.096880,participant,9
41,53,3,True,AdamD,Hello!,2018-07-23T10:57:57.098885,consultant,9
42,53,64,False,Participant 5,Hi there!,2018-07-23T10:57:57.100114,participant,9
43,52,3,True,AdamD,Hello!,2018-07-23T10:57:57.102079,consultant,9
44,52,64,False,Participant 5,Hi there!,2018-07-23T10:57:57.103453,participant,9
45,57,3,True,AdamD,Hello!,2018-07-23T10:57:57.178365,consultant,9
46,57,65,False,Participant 6,Hi there!,2018-07-23T10:57:57.179781,participant,9
47,56,3,True,AdamD,Hello!,2018-07-23T10:57:57.181786,consultant,9
48,56,65,False,Participant 6,Hi there!,2018-07-23T10:57:57.183216,participant,9
49,55,3,True,AdamD,Hello!,2018-07-23T10:57:57.185150,consultant,9
50,55,65,False,Participant 6,Hi there!,2018-07-23T10:57:57.186392,participant,9
51,60,3,True,AdamD,Hello!,2018-07-23T10:57:57.256611,consultant,9
52,60,66,False,Participant 7,Hi there!,2018-07-23T10:57:57.257905,participant,9
53,59,3,True,AdamD,Hello!,2018-07-23T10:57:57.259837,consultant,9
54,59,66,False,Participant 7,Hi there!,2018-07-23T10:57:57.261168,participant,9
55,58,3,True,AdamD,Hello!,2018-07-23T10:57:57.263268,consultant,9
56,58,66,False,Participant 7,Hi there!,2018-07-23T10:57:57.264506,participant,9
57,63,3,True,AdamD,Hello!,2018-07-23T10:57:57.337096,consultant,9
58,63,67,False,Participant 8,Hi there!,2018-07-23T10:57:57.338436,participant,9
59,62,3,True,AdamD,Hello!,2018-07-23T10:57:57.340448,consultant,9
60,62,67,False,Participant 8,Hi there!,2018-07-23T10:57:57.341851,participant,9
61,61,3,True,AdamD,Hello!,2018-07-23T10:57:57.343787,consultant,9
62,61,67,False,Participant 8,Hi there!,2018-07-23T10:57:57.345080,participant,9
