{
    "id": 43,
    "parent_participant_id": 61,
    "rating": 3,
    "text": "Test moment 0",
    "gps": {
        "long": null,
        "lat": null
    },
    "added_ts": "2018-07-23T10:57:56.782001",
    "modified_ts": "2018-07-23T10:57:56.782006",
    "mark_for_download": true,
    "tags": [],
    "comments": [
        {
            "id": 25,
            "parent_moment": 43,
            "author_id": 3,
            "consultant_author": true,
            "display_name": "AdamD",
            "text": "Hello!",
            "ts": "2018-07-23T10:57:56.857599"
        },
        {
            "id": 26,
            "parent_moment": 43,
            "author_id": 61,
            "consultant_author": false,
            "display_name": "Participant 2",
            "text": "Hi there!",
            "ts": "2018-07-23T10:57:56.858830"
        }
    ],
    "project_id": 9
}