id,parent_moment,author_id,consultant_author,display_name,text,ts,author_type,project_id
920,262,3,True,Adam,What's that you're working on?,2018-08-01T15:42:48.609601,consultant,10
921,262,68,False,Participant 1,Some designs for a form,2018-08-01T15:43:04.286570,participant,10
927,262,3,True,Adam,"Looks great, keep it up!",2018-09-25T13:40:00.252491,consultant,10
925,252,68,False,Participant 1,Hi there,2018-08-01T18:36:18.481214,participant,10
838,241,68,False,Participant 1,Definitely worth 5 stars,2018-07-27T16:58:55.751115,participant,10
837,237,3,True,Adam,Gross!,2018-07-27T16:09:00.083860,consultant,10
832,234,68,False,Participant 1,"I didn’t add much info, did I?",2018-07-27T15:34:22.551442,participant,10
833,234,3,True,Adam,"No, not really!",2018-07-27T15:34:22.551442,consultant,10
