{
    "id": 10,
    "code": "BF5000",
    "client_id": 1,
    "client": {
        "id": 1,
        "description": "Bunnyfoot",
        "contact_name": "Caroline Bentley",
        "contact_email": "caroline@bunnyfoot.com",
        "contact_phone": "02076081670"
    },
    "title": "Demo project for BF CXT Tool",
    "project_type_id": 1,
    "project_type_description": "Default Project",
    "active": true,
    "start_ts": "2018-07-27T00:00:00",
    "last_activity_ts": "2018-08-05T12:13:14.969171",
    "consultants": [
        {
            "id": 1,
            "email": "thom@bunnyfoot.com",
            "display_name": "Thom",
            "first_name": "Thom",
            "last_name": "Blake",
            "active": true,
            "admin": true
        },
        {
            "id": 2,
            "email": "jon@bunnyfoot.com",
            "display_name": "JonD",
            "first_name": "Jon",
            "last_name": "Dodd",
            "active": true,
            "admin": true
        },
        {
            "id": 3,
            "email": "adam@bunnyfoot.com",
            "display_name": "Adam",
            "first_name": "Adam",
            "last_name": "Dimmick",
            "active": true,
            "admin": true
        }
    ],
    "participants": [
        {
            "id": 68,
            "within_project_number": 1,
            "display_name": "Participant 1",
            "active": true,
            "last_activity_ts": "2018-07-30T17:51:27.929326",
            "description": "Project participant",
            "download_bundle_path": null,
            "moments_count": 10,
            "moments": [
                {
                    "id": 262,
                    "parent_participant_id": 68,
                    "rating": 4,
                    "text": "Many improvements in UX!",
                    "gps": {
                        "long": null,
                        "lat": null
                    },
                    "added_ts": "2018-08-01T15:42:22.611912",
                    "modified_ts": "2018-08-01T15:42:22.611924",
                    "mark_for_download": true,
                    "tags": [],
                    "comments": [
                        {
                            "id": 920,
                            "parent_moment": 262,
                            "author_id": 3,
                            "consultant_author": true,
                            "display_name": "Adam",
                            "text": "What's that you're working on?",
                            "ts": "2018-08-01T15:42:48.609601"
                        },
                        {
                            "id": 921,
                            "parent_moment": 262,
                            "author_id": 68,
                            "consultant_author": false,
                            "display_name": "Participant 1",
                            "text": "Some designs for a form",
                            "ts": "2018-08-01T15:43:04.286570"
                        },
                        {
                            "id": 927,
                            "parent_moment": 262,
                            "author_id": 3,
                            "consultant_author": true,
                            "display_name": "Adam",
                            "text": "Looks great, keep it up!",
                            "ts": "2018-09-25T13:40:00.252491"
                        }
                    ],
                    "download_bundle_path": null
                },
                {
                    "id": 252,
                    "parent_participant_id": 68,
                    "rating": 4,
                    "text": "Testing thumbnails still work",
                    "gps": {
                        "long": null,
                        "lat": null
                    },
                    "added_ts": "2018-07-28T16:19:19.691416",
                    "modified_ts": "2018-07-28T16:19:19.691425",
                    "mark_for_download": false,
                    "tags": [],
                    "comments": [
                        {
                            "id": 925,
                            "parent_moment": 252,
                            "author_id": 68,
                            "consultant_author": false,
                            "display_name": "Participant 1",
                            "text": "Hi there",
                            "ts": "2018-08-01T18:36:18.481214"
                        }
                    ],
                    "download_bundle_path": null
                },
                {
                    "id": 250,
                    "parent_participant_id": 68,
                    "rating": 3,
                    "text": "",
                    "gps": {
                        "long": null,
                        "lat": null
                    },
                    "added_ts": "2018-07-28T16:02:06.474580",
                    "modified_ts": "2018-07-28T16:02:06.474588",
                    "mark_for_download": true,
                    "tags": [],
                    "comments": [],
                    "download_bundle_path": null
                },
                {
                    "id": 242,
                    "parent_participant_id": 68,
                    "rating": 4,
                    "text": "That didn\u2019t take long to arrive!",
                    "gps": {
                        "long": null,
                        "lat": null
                    },
                    "added_ts": "2018-07-27T17:02:30.164591",
                    "modified_ts": "2018-07-27T17:02:30.164601",
                    "mark_for_download": true,
                    "tags": [],
                    "comments": [],
                    "download_bundle_path": null
                },
                {
                    "id": 241,
                    "parent_participant_id": 68,
                    "rating": 5,
                    "text": "Husband singing along with the karaoke in the ice cream parlour...",
                    "gps": {
                        "long": null,
                        "lat": null
                    },
                    "added_ts": "2018-07-27T16:58:28.711358",
                    "modified_ts": "2018-07-27T16:58:28.711369",
                    "mark_for_download": true,
                    "tags": [],
                    "comments": [
                        {
                            "id": 838,
                            "parent_moment": 241,
                            "author_id": 68,
                            "consultant_author": false,
                            "display_name": "Participant 1",
                            "text": "Definitely worth 5 stars",
                            "ts": "2018-07-27T16:58:55.751115"
                        }
                    ],
                    "download_bundle_path": null
                },
                {
                    "id": 240,
                    "parent_participant_id": 68,
                    "rating": 3,
                    "text": "Good selection of ice cream ",
                    "gps": {
                        "long": null,
                        "lat": null
                    },
                    "added_ts": "2018-07-27T16:49:05.537069",
                    "modified_ts": "2018-07-27T16:49:05.537077",
                    "mark_for_download": true,
                    "tags": [],
                    "comments": [],
                    "download_bundle_path": null
                },
                {
                    "id": 239,
                    "parent_participant_id": 68,
                    "rating": 3,
                    "text": "It would be nice if the location was working from iOS. Probably best to just make a quick demo html page with JavaScript to find out what\u2019s happening rather than try to fix it in-situ. \r\n\r\nWould also like to change the label on the file upload button to \u201cadd photo or video\u201d",
                    "gps": {
                        "long": null,
                        "lat": null
                    },
                    "added_ts": "2018-07-27T16:30:08.362614",
                    "modified_ts": "2018-07-27T16:30:08.362623",
                    "mark_for_download": false,
                    "tags": [],
                    "comments": [],
                    "download_bundle_path": null
                },
                {
                    "id": 238,
                    "parent_participant_id": 68,
                    "rating": 5,
                    "text": "I love this cat!",
                    "gps": {
                        "long": null,
                        "lat": null
                    },
                    "added_ts": "2018-07-27T16:12:45.531269",
                    "modified_ts": "2018-07-27T16:12:45.531276",
                    "mark_for_download": false,
                    "tags": [],
                    "comments": [],
                    "download_bundle_path": null
                },
                {
                    "id": 237,
                    "parent_participant_id": 68,
                    "rating": 1,
                    "text": "Food going mouldy :(",
                    "gps": {
                        "long": null,
                        "lat": null
                    },
                    "added_ts": "2018-07-27T16:09:52.083371",
                    "modified_ts": "2018-07-27T16:09:52.083380",
                    "mark_for_download": false,
                    "tags": [],
                    "comments": [
                        {
                            "id": 837,
                            "parent_moment": 237,
                            "author_id": 3,
                            "consultant_author": true,
                            "display_name": "Adam",
                            "text": "Gross!",
                            "ts": "2018-07-27T16:09:00.083860"
                        }
                    ],
                    "download_bundle_path": null
                },
                {
                    "id": 234,
                    "parent_participant_id": 68,
                    "rating": 3,
                    "text": "First moment",
                    "gps": {
                        "long": null,
                        "lat": null
                    },
                    "added_ts": "2018-07-27T15:34:10.624745",
                    "modified_ts": "2018-07-27T15:34:10.624756",
                    "mark_for_download": false,
                    "tags": [],
                    "comments": [
                        {
                            "id": 832,
                            "parent_moment": 234,
                            "author_id": 68,
                            "consultant_author": false,
                            "display_name": "Participant 1",
                            "text": "I didn\u2019t add much info, did I?",
                            "ts": "2018-07-27T15:34:22.551442"
                        },
                        {
                            "id": 833,
                            "parent_moment": 234,
                            "author_id": 3,
                            "consultant_author": true,
                            "display_name": "Adam",
                            "text": "No, not really!",
                            "ts": "2018-07-27T15:34:22.551442"
                        }
                    ],
                    "download_bundle_path": null
                }
            ]
        },
        {
            "id": 69,
            "within_project_number": 2,
            "display_name": "Participant 2",
            "active": true,
            "last_activity_ts": "2018-07-30T17:51:27.935050",
            "description": "Project participant",
            "download_bundle_path": null,
            "moments_count": 0,
            "moments": []
        },
        {
            "id": 70,
            "within_project_number": 3,
            "display_name": "Participant 3",
            "active": true,
            "last_activity_ts": "2018-07-30T17:51:27.937884",
            "description": "Project participant",
            "download_bundle_path": null,
            "moments_count": 0,
            "moments": []
        },
        {
            "id": 71,
            "within_project_number": 4,
            "display_name": "Participant 4",
            "active": true,
            "last_activity_ts": "2018-07-30T17:51:27.941021",
            "description": "Project participant",
            "download_bundle_path": null,
            "moments_count": 0,
            "moments": []
        },
        {
            "id": 72,
            "within_project_number": 5,
            "display_name": "Participant 5",
            "active": true,
            "last_activity_ts": "2018-07-30T17:51:27.944018",
            "description": "Project participant",
            "download_bundle_path": null,
            "moments_count": 0,
            "moments": []
        },
        {
            "id": 73,
            "within_project_number": 6,
            "display_name": "Participant 6",
            "active": true,
            "last_activity_ts": "2018-07-30T17:51:27.947017",
            "description": "Project participant",
            "download_bundle_path": null,
            "moments_count": 0,
            "moments": []
        },
        {
            "id": 74,
            "within_project_number": 7,
            "display_name": "Participant 7",
            "active": true,
            "last_activity_ts": "2018-07-30T17:51:27.950007",
            "description": "Project participant",
            "download_bundle_path": null,
            "moments_count": 0,
            "moments": []
        },
        {
            "id": 75,
            "within_project_number": 8,
            "display_name": "Participant 8",
            "active": true,
            "last_activity_ts": "2018-07-30T17:51:27.952881",
            "description": "Project participant",
            "download_bundle_path": null,
            "moments_count": 0,
            "moments": []
        },
        {
            "id": 94,
            "within_project_number": 9,
            "display_name": "New Participant",
            "active": true,
            "last_activity_ts": "2018-08-05T11:06:02.428440",
            "description": "New",
            "download_bundle_path": null,
            "moments_count": 0,
            "moments": []
        }
    ]
}