{
    "id": 53,
    "parent_participant_id": 64,
    "rating": 3,
    "text": "Test moment 1",
    "gps": {
        "long": null,
        "lat": null
    },
    "added_ts": "2018-07-23T10:57:57.047037",
    "modified_ts": "2018-07-23T10:57:57.047043",
    "mark_for_download": true,
    "tags": [],
    "comments": [
        {
            "id": 41,
            "parent_moment": 53,
            "author_id": 3,
            "consultant_author": true,
            "display_name": "AdamD",
            "text": "Hello!",
            "ts": "2018-07-23T10:57:57.098885"
        },
        {
            "id": 42,
            "parent_moment": 53,
            "author_id": 64,
            "consultant_author": false,
            "display_name": "Participant 5",
            "text": "Hi there!",
            "ts": "2018-07-23T10:57:57.100114"
        }
    ],
    "project_id": 9
}