{
    "id": 63,
    "parent_participant_id": 67,
    "rating": 2,
    "text": "Test moment 2",
    "gps": {
        "long": null,
        "lat": null
    },
    "added_ts": "2018-07-23T10:57:57.313909",
    "modified_ts": "2018-07-23T10:57:57.313916",
    "mark_for_download": true,
    "tags": [],
    "comments": [
        {
            "id": 57,
            "parent_moment": 63,
            "author_id": 3,
            "consultant_author": true,
            "display_name": "AdamD",
            "text": "Hello!",
            "ts": "2018-07-23T10:57:57.337096"
        },
        {
            "id": 58,
            "parent_moment": 63,
            "author_id": 67,
            "consultant_author": false,
            "display_name": "Participant 8",
            "text": "Hi there!",
            "ts": "2018-07-23T10:57:57.338436"
        }
    ],
    "project_id": 9
}