{
    "id": 54,
    "parent_participant_id": 64,
    "rating": 2,
    "text": "Test moment 2",
    "gps": {
        "long": null,
        "lat": null
    },
    "added_ts": "2018-07-23T10:57:57.072577",
    "modified_ts": "2018-07-23T10:57:57.072584",
    "mark_for_download": true,
    "tags": [],
    "comments": [
        {
            "id": 39,
            "parent_moment": 54,
            "author_id": 3,
            "consultant_author": true,
            "display_name": "AdamD",
            "text": "Hello!",
            "ts": "2018-07-23T10:57:57.095567"
        },
        {
            "id": 40,
            "parent_moment": 54,
            "author_id": 64,
            "consultant_author": false,
            "display_name": "Participant 5",
            "text": "Hi there!",
            "ts": "2018-07-23T10:57:57.096880"
        }
    ],
    "project_id": 9
}