{
    "id": 56,
    "parent_participant_id": 65,
    "rating": 2,
    "text": "Test moment 1",
    "gps": {
        "long": null,
        "lat": null
    },
    "added_ts": "2018-07-23T10:57:57.128503",
    "modified_ts": "2018-07-23T10:57:57.128510",
    "mark_for_download": true,
    "tags": [],
    "comments": [
        {
            "id": 47,
            "parent_moment": 56,
            "author_id": 3,
            "consultant_author": true,
            "display_name": "AdamD",
            "text": "Hello!",
            "ts": "2018-07-23T10:57:57.181786"
        },
        {
            "id": 48,
            "parent_moment": 56,
            "author_id": 65,
            "consultant_author": false,
            "display_name": "Participant 6",
            "text": "Hi there!",
            "ts": "2018-07-23T10:57:57.183216"
        }
    ],
    "project_id": 9
}