{
    "id": 48,
    "parent_participant_id": 62,
    "rating": 5,
    "text": "Test moment 2",
    "gps": {
        "long": null,
        "lat": null
    },
    "added_ts": "2018-07-23T10:57:56.910679",
    "modified_ts": "2018-07-23T10:57:56.910687",
    "mark_for_download": true,
    "tags": [],
    "comments": [
        {
            "id": 27,
            "parent_moment": 48,
            "author_id": 3,
            "consultant_author": true,
            "display_name": "AdamD",
            "text": "Hello!",
            "ts": "2018-07-23T10:57:56.933046"
        },
        {
            "id": 28,
            "parent_moment": 48,
            "author_id": 62,
            "consultant_author": false,
            "display_name": "Participant 3",
            "text": "Hi there!",
            "ts": "2018-07-23T10:57:56.934401"
        }
    ],
    "project_id": 9
}