{
    "id": 51,
    "parent_participant_id": 63,
    "rating": 5,
    "text": "Test moment 2",
    "gps": {
        "long": null,
        "lat": null
    },
    "added_ts": "2018-07-23T10:57:56.990030",
    "modified_ts": "2018-07-23T10:57:56.990038",
    "mark_for_download": true,
    "tags": [],
    "comments": [
        {
            "id": 33,
            "parent_moment": 51,
            "author_id": 3,
            "consultant_author": true,
            "display_name": "AdamD",
            "text": "Hello!",
            "ts": "2018-07-23T10:57:57.013604"
        },
        {
            "id": 34,
            "parent_moment": 51,
            "author_id": 63,
            "consultant_author": false,
            "display_name": "Participant 4",
            "text": "Hi there!",
            "ts": "2018-07-23T10:57:57.015214"
        }
    ],
    "project_id": 9
}