{
    "id": 45,
    "parent_participant_id": 61,
    "rating": 3,
    "text": "Test moment 2",
    "gps": {
        "long": null,
        "lat": null
    },
    "added_ts": "2018-07-23T10:57:56.828156",
    "modified_ts": "2018-07-23T10:57:56.828163",
    "mark_for_download": true,
    "tags": [],
    "comments": [
        {
            "id": 21,
            "parent_moment": 45,
            "author_id": 3,
            "consultant_author": true,
            "display_name": "AdamD",
            "text": "Hello!",
            "ts": "2018-07-23T10:57:56.850929"
        },
        {
            "id": 22,
            "parent_moment": 45,
            "author_id": 61,
            "consultant_author": false,
            "display_name": "Participant 2",
            "text": "Hi there!",
            "ts": "2018-07-23T10:57:56.852228"
        }
    ],
    "project_id": 9
}