{
    "id": 60,
    "parent_participant_id": 66,
    "rating": 3,
    "text": "Test moment 2",
    "gps": {
        "long": null,
        "lat": null
    },
    "added_ts": "2018-07-23T10:57:57.233724",
    "modified_ts": "2018-07-23T10:57:57.233732",
    "mark_for_download": true,
    "tags": [],
    "comments": [
        {
            "id": 51,
            "parent_moment": 60,
            "author_id": 3,
            "consultant_author": true,
            "display_name": "AdamD",
            "text": "Hello!",
            "ts": "2018-07-23T10:57:57.256611"
        },
        {
            "id": 52,
            "parent_moment": 60,
            "author_id": 66,
            "consultant_author": false,
            "display_name": "Participant 7",
            "text": "Hi there!",
            "ts": "2018-07-23T10:57:57.257905"
        }
    ],
    "project_id": 9
}