{
    "id": 47,
    "parent_participant_id": 62,
    "rating": 1,
    "text": "Test moment 1",
    "gps": {
        "long": null,
        "lat": null
    },
    "added_ts": "2018-07-23T10:57:56.885183",
    "modified_ts": "2018-07-23T10:57:56.885200",
    "mark_for_download": true,
    "tags": [],
    "comments": [
        {
            "id": 29,
            "parent_moment": 47,
            "author_id": 3,
            "consultant_author": true,
            "display_name": "AdamD",
            "text": "Hello!",
            "ts": "2018-07-23T10:57:56.936351"
        },
        {
            "id": 30,
            "parent_moment": 47,
            "author_id": 62,
            "consultant_author": false,
            "display_name": "Participant 3",
            "text": "Hi there!",
            "ts": "2018-07-23T10:57:56.937697"
        }
    ],
    "project_id": 9
}