{
    "id": 57,
    "parent_participant_id": 65,
    "rating": 1,
    "text": "Test moment 2",
    "gps": {
        "long": null,
        "lat": null
    },
    "added_ts": "2018-07-23T10:57:57.153743",
    "modified_ts": "2018-07-23T10:57:57.153751",
    "mark_for_download": true,
    "tags": [],
    "comments": [
        {
            "id": 45,
            "parent_moment": 57,
            "author_id": 3,
            "consultant_author": true,
            "display_name": "AdamD",
            "text": "Hello!",
            "ts": "2018-07-23T10:57:57.178365"
        },
        {
            "id": 46,
            "parent_moment": 57,
            "author_id": 65,
            "consultant_author": false,
            "display_name": "Participant 6",
            "text": "Hi there!",
            "ts": "2018-07-23T10:57:57.179781"
        }
    ],
    "project_id": 9
}