{
    "id": 262,
    "parent_participant_id": 68,
    "rating": 4,
    "text": "Many improvements in UX!",
    "gps": {
        "long": null,
        "lat": null
    },
    "added_ts": "2018-08-01T15:42:22.611912",
    "modified_ts": "2018-08-01T15:42:22.611924",
    "mark_for_download": true,
    "tags": [],
    "comments": [
        {
            "id": 920,
            "parent_moment": 262,
            "author_id": 3,
            "consultant_author": true,
            "display_name": "Adam",
            "text": "What's that you're working on?",
            "ts": "2018-08-01T15:42:48.609601"
        },
        {
            "id": 921,
            "parent_moment": 262,
            "author_id": 68,
            "consultant_author": false,
            "display_name": "Participant 1",
            "text": "Some designs for a form",
            "ts": "2018-08-01T15:43:04.286570"
        },
        {
            "id": 927,
            "parent_moment": 262,
            "author_id": 3,
            "consultant_author": true,
            "display_name": "Adam",
            "text": "Looks great, keep it up!",
            "ts": "2018-09-25T13:40:00.252491"
        }
    ],
    "project_id": 10
}