{
    "id": 40,
    "parent_participant_id": 60,
    "rating": 3,
    "text": "Test moment 0",
    "gps": {
        "long": null,
        "lat": null
    },
    "added_ts": "2018-07-23T10:57:56.691783",
    "modified_ts": "2018-07-23T10:57:56.691792",
    "mark_for_download": true,
    "tags": [],
    "comments": [
        {
            "id": 19,
            "parent_moment": 40,
            "author_id": 3,
            "consultant_author": true,
            "display_name": "AdamD",
            "text": "Hello!",
            "ts": "2018-07-23T10:57:56.778501"
        },
        {
            "id": 20,
            "parent_moment": 40,
            "author_id": 60,
            "consultant_author": false,
            "display_name": "Participant 1",
            "text": "Hi there!",
            "ts": "2018-07-23T10:57:56.779869"
        }
    ],
    "project_id": 9
}