id,project_id,within_project_number,display_name,active,last_activity_ts,description
1,1,1,Participant 1,True,2018-07-18T16:41:06.082102,Jumpy Jack
2,1,2,Participant 2,True,2018-07-18T16:41:06.087141,Deliberating Doris
3,1,3,Testing123,True,2018-07-18T16:41:06.090217,Test participant
4,1,4,Testing1234,True,2018-07-18T16:41:06.093811,Test participant 2
7,1,5,Added 1,True,2018-07-18T16:41:06.097298,Added by bulk method
8,1,6,Added 2,True,2018-07-18T16:41:06.100269,Added by bulk method
10,1,7,Added 1,False,2018-07-18T16:41:06.103134,Added by bulk method
11,1,8,Added 1,False,2018-07-18T16:41:06.106437,Added by bulk method
12,1,9,Added 1,False,2018-07-18T16:41:06.109965,Added by bulk method
13,1,10,Added 1,True,2018-07-18T16:41:06.114133,Added by bulk method
14,1,11,Added 2,True,2018-07-18T16:41:06.117188,Added by bulk method
