id,parent_participant_id,rating,text,added_ts,modified_ts,mark_for_download,tags,gps_long,gps_lat,project_id,participant_within_proj_num
8,1,3,Testing new file path again,2018-07-19T17:22:36.673859,2018-07-19T17:22:36.673868,True,,0.43,-0.005,1,1
7,1,3,Testing new file path,2018-07-19T17:17:44.299180,2018-07-19T17:17:44.299187,True,,,,1,1
5,1,3,Added from console again,2018-07-19T16:52:23.788124,2018-07-19T16:52:23.788132,True,checkout;confused;coffee,,,1,1
6,2,5,Added from console again again,2018-07-19T17:03:37.908917,2018-07-19T17:03:37.908923,True,,,,1,2
