{
    "id": 1,
    "bf_code": "BF0001",
    "client_id": 1,
    "client": {
        "id": 1,
        "description": "Bunnyfoot",
        "contact_name": "Caroline Bentley",
        "contact_email": "caroline@bunnyfoot.com",
        "contact_phone": "02076081670"
    },
    "title": "Bunnyfoot Customer Experience Toolkit development",
    "project_type_id": 1,
    "project_type_description": "Default Project",
    "active": true,
    "start_ts": "2018-07-17T10:06:36.667014",
    "last_activity_ts": "2018-07-21T16:55:12.947762",
    "consultants": [
        {
            "id": 3,
            "email": "adam@bunnyfoot.com",
            "display_name": "AdamD",
            "first_name": "Adam",
            "last_name": "Dimmick",
            "active": true,
            "admin": true
        },
        {
            "id": 4,
            "email": "nick@bunnyfoot.com",
            "display_name": "Nick",
            "first_name": "Nick",
            "last_name": "Antram",
            "active": true,
            "admin": false
        }
    ],
    "participants": [
        {
            "id": 1,
            "within_project_number": 1,
            "display_name": "Participant 1",
            "active": true,
            "last_activity_ts": "2018-07-18T16:41:06.082102",
            "description": "Jumpy Jack",
            "download_bundle_path": "project_BF0001_participant_1_20180721_164452.zip",
            "moments": [
                {
                    "id": 8,
                    "parent_participant_id": 1,
                    "rating": 3,
                    "text": "Testing new file path again",
                    "gps": {
                        "long": 0.43,
                        "lat": -0.005
                    },
                    "added_ts": "2018-07-19T17:22:36.673859",
                    "modified_ts": "2018-07-19T17:22:36.673868",
                    "mark_for_download": true,
                    "tags": [],
                    "comments": [
                        {
                            "id": 14,
                            "parent_moment": 8,
                            "author_id": 1,
                            "consultant_author": false,
                            "display_name": "Participant 1",
                            "text": "Here is a comment for Moment 8",
                            "ts": "2018-07-21T14:30:02.190112"
                        }
                    ],
                    "download_bundle_path": null
                },
                {
                    "id": 7,
                    "parent_participant_id": 1,
                    "rating": 3,
                    "text": "Testing new file path",
                    "gps": {
                        "long": null,
                        "lat": null
                    },
                    "added_ts": "2018-07-19T17:17:44.299180",
                    "modified_ts": "2018-07-19T17:17:44.299187",
                    "mark_for_download": true,
                    "tags": [],
                    "comments": [],
                    "download_bundle_path": "project_BF0001_moment_7_20180721_163553.zip"
                },
                {
                    "id": 5,
                    "parent_participant_id": 1,
                    "rating": 3,
                    "text": "Added from console again",
                    "gps": {
                        "long": null,
                        "lat": null
                    },
                    "added_ts": "2018-07-19T16:52:23.788124",
                    "modified_ts": "2018-07-19T16:52:23.788132",
                    "mark_for_download": true,
                    "tags": [
                        "checkout",
                        "confused",
                        "coffee"
                    ],
                    "comments": [
                        {
                            "id": 12,
                            "parent_moment": 5,
                            "author_id": 1,
                            "consultant_author": false,
                            "display_name": "Participant 1",
                            "text": "Hello!",
                            "ts": "2018-07-19T17:12:10.694527"
                        },
                        {
                            "id": 13,
                            "parent_moment": 5,
                            "author_id": 1,
                            "consultant_author": false,
                            "display_name": "Participant 1",
                            "text": "This is another comment for Moment 5",
                            "ts": "2018-07-21T14:29:15.648274"
                        }
                    ],
                    "download_bundle_path": null
                }
            ]
        },
        {
            "id": 2,
            "within_project_number": 2,
            "display_name": "Participant 2",
            "active": true,
            "last_activity_ts": "2018-07-18T16:41:06.087141",
            "description": "Deliberating Doris",
            "download_bundle_path": "project_BF0001_participant_2_20180721_164803.zip",
            "moments": [
                {
                    "id": 6,
                    "parent_participant_id": 2,
                    "rating": 5,
                    "text": "Added from console again again",
                    "gps": {
                        "long": null,
                        "lat": null
                    },
                    "added_ts": "2018-07-19T17:03:37.908917",
                    "modified_ts": "2018-07-19T17:03:37.908923",
                    "mark_for_download": true,
                    "tags": [],
                    "comments": [],
                    "download_bundle_path": null
                }
            ]
        },
        {
            "id": 3,
            "within_project_number": 3,
            "display_name": "Testing123",
            "active": true,
            "last_activity_ts": "2018-07-18T16:41:06.090217",
            "description": "Test participant",
            "download_bundle_path": "project_BF0001_participant_3_20180721_165042.zip",
            "moments": []
        },
        {
            "id": 4,
            "within_project_number": 4,
            "display_name": "Testing1234",
            "active": true,
            "last_activity_ts": "2018-07-18T16:41:06.093811",
            "description": "Test participant 2",
            "download_bundle_path": null,
            "moments": []
        },
        {
            "id": 7,
            "within_project_number": 5,
            "display_name": "Added 1",
            "active": true,
            "last_activity_ts": "2018-07-18T16:41:06.097298",
            "description": "Added by bulk method",
            "download_bundle_path": null,
            "moments": []
        },
        {
            "id": 8,
            "within_project_number": 6,
            "display_name": "Added 2",
            "active": true,
            "last_activity_ts": "2018-07-18T16:41:06.100269",
            "description": "Added by bulk method",
            "download_bundle_path": null,
            "moments": []
        },
        {
            "id": 10,
            "within_project_number": 7,
            "display_name": "Added 1",
            "active": false,
            "last_activity_ts": "2018-07-18T16:41:06.103134",
            "description": "Added by bulk method",
            "download_bundle_path": null,
            "moments": []
        },
        {
            "id": 11,
            "within_project_number": 8,
            "display_name": "Added 1",
            "active": false,
            "last_activity_ts": "2018-07-18T16:41:06.106437",
            "description": "Added by bulk method",
            "download_bundle_path": null,
            "moments": []
        },
        {
            "id": 12,
            "within_project_number": 9,
            "display_name": "Added 1",
            "active": false,
            "last_activity_ts": "2018-07-18T16:41:06.109965",
            "description": "Added by bulk method",
            "download_bundle_path": null,
            "moments": []
        },
        {
            "id": 13,
            "within_project_number": 10,
            "display_name": "Added 1",
            "active": true,
            "last_activity_ts": "2018-07-18T16:41:06.114133",
            "description": "Added by bulk method",
            "download_bundle_path": null,
            "moments": []
        },
        {
            "id": 14,
            "within_project_number": 11,
            "display_name": "Added 2",
            "active": true,
            "last_activity_ts": "2018-07-18T16:41:06.117188",
            "description": "Added by bulk method",
            "download_bundle_path": null,
            "moments": []
        }
    ]
}