{
    "id": 4,
    "bf_code": "BF1010",
    "client_id": 1,
    "client": {
        "id": 1,
        "description": "Bunnyfoot",
        "contact_name": "Caroline Bentley",
        "contact_email": "caroline@bunnyfoot.com",
        "contact_phone": "02076081670"
    },
    "title": "Added by staticmethod",
    "project_type_id": 1,
    "project_type_description": "Default Project",
    "active": true,
    "start_ts": "2018-07-18T17:06:43.456244",
    "last_activity_ts": "2018-07-21T16:30:09.809349",
    "consultants": [],
    "participants": [
        {
            "id": 16,
            "within_project_number": 1,
            "display_name": "Participant 1",
            "active": true,
            "last_activity_ts": "2018-07-18T17:16:28.108944",
            "description": "Added by console",
            "moments": [
                {
                    "id": 9,
                    "parent_participant_id": 16,
                    "rating": 2,
                    "text": "Testing stuff",
                    "gps": {
                        "long": null,
                        "lat": null
                    },
                    "added_ts": "2018-07-19T17:22:36.673859",
                    "modified_ts": "2018-07-19T17:22:36.673859",
                    "mark_for_download": true,
                    "tags": [
                        "Blobs"
                    ],
                    "comments": []
                }
            ]
        },
        {
            "id": 17,
            "within_project_number": 2,
            "display_name": "Participant 2",
            "active": true,
            "last_activity_ts": "2018-07-18T17:18:18.860258",
            "description": "bulk add",
            "moments": []
        },
        {
            "id": 18,
            "within_project_number": 3,
            "display_name": "Participant 3",
            "active": false,
            "last_activity_ts": "2018-07-18T17:18:18.864577",
            "description": "bulk add",
            "moments": []
        },
        {
            "id": 19,
            "within_project_number": 4,
            "display_name": "Participant 4",
            "active": true,
            "last_activity_ts": "2018-07-18T17:18:18.868113",
            "description": "bulk add",
            "moments": []
        },
        {
            "id": 20,
            "within_project_number": 5,
            "display_name": "Participant 1",
            "active": true,
            "last_activity_ts": "2018-07-19T19:57:06.582837",
            "description": "Male-Daring Dave",
            "moments": []
        },
        {
            "id": 21,
            "within_project_number": 6,
            "display_name": "Participant 2",
            "active": true,
            "last_activity_ts": "2018-07-19T19:57:06.586461",
            "description": "Male-Daring Dave",
            "moments": []
        },
        {
            "id": 22,
            "within_project_number": 7,
            "display_name": "Participant 3",
            "active": true,
            "last_activity_ts": "2018-07-19T19:57:06.587811",
            "description": "Female-Sharing Sarah",
            "moments": []
        },
        {
            "id": 23,
            "within_project_number": 8,
            "display_name": "Participant 4",
            "active": true,
            "last_activity_ts": "2018-07-19T19:57:06.589020",
            "description": "Male-Timid Tim",
            "moments": []
        }
    ]
}