id,project_id,within_project_number,display_name,active,last_activity_ts,description
16,4,1,Participant 1,True,2018-07-18T17:16:28.108944,Added by console
17,4,2,Participant 2,True,2018-07-18T17:18:18.860258,bulk add
18,4,3,Participant 3,False,2018-07-18T17:18:18.864577,bulk add
19,4,4,Participant 4,True,2018-07-18T17:18:18.868113,bulk add
20,4,5,Participant 1,True,2018-07-19T19:57:06.582837,Male-Daring Dave
21,4,6,Participant 2,True,2018-07-19T19:57:06.586461,Male-Daring Dave
22,4,7,Participant 3,True,2018-07-19T19:57:06.587811,Female-Sharing Sarah
23,4,8,Participant 4,True,2018-07-19T19:57:06.589020,Male-Timid Tim
