{
    "id": 241,
    "parent_participant_id": 68,
    "rating": 5,
    "text": "Husband singing along with the karaoke in the ice cream parlour...",
    "gps": {
        "long": null,
        "lat": null
    },
    "added_ts": "2018-07-27T16:58:28.711358",
    "modified_ts": "2018-07-27T16:58:28.711369",
    "mark_for_download": true,
    "tags": [],
    "comments": [
        {
            "id": 838,
            "parent_moment": 241,
            "author_id": 68,
            "consultant_author": false,
            "display_name": "Participant 1",
            "text": "Definitely worth 5 stars",
            "ts": "2018-07-27T16:58:55.751115"
        }
    ],
    "project_id": 10
}