{
    "id": 1,
    "code": "BF0001",
    "client_id": 1,
    "client": {
        "id": 1,
        "description": "Bunnyfoot",
        "contact_name": "Caroline Bentley",
        "contact_email": "caroline@bunnyfoot.com",
        "contact_phone": "02076081670"
    },
    "title": "Bunnyfoot Customer Experience Toolkit development",
    "project_type_id": 1,
    "project_type_description": "Default Project",
    "active": true,
    "start_ts": "2018-07-17T10:06:36.667014",
    "last_activity_ts": "2018-07-30T17:54:28.681334",
    "consultants": [
        {
            "id": 1,
            "email": "thom@bunnyfoot.com",
            "display_name": "Thom",
            "first_name": "Thom",
            "last_name": "Blake",
            "active": true,
            "admin": true
        },
        {
            "id": 3,
            "email": "adam@bunnyfoot.com",
            "display_name": "AdamD",
            "first_name": "Adam",
            "last_name": "Dimmick",
            "active": true,
            "admin": true
        },
        {
            "id": 4,
            "email": "nick@bunnyfoot.com",
            "display_name": "Nick",
            "first_name": "Nick",
            "last_name": "Antram",
            "active": true,
            "admin": false
        }
    ],
    "participants": [
        {
            "id": 1,
            "within_project_number": 1,
            "display_name": "Participant 1",
            "active": false,
            "last_activity_ts": "2018-07-30T17:54:21.536135",
            "description": "Jumpy Jack",
            "download_bundle_path": "project_BF0001_participant_1_20180721_164452.zip",
            "moments": [
                {
                    "id": 249,
                    "parent_participant_id": 1,
                    "rating": 3,
                    "text": "A new moment",
                    "gps": {
                        "long": -0.9690230999999998,
                        "lat": 51.4687304
                    },
                    "added_ts": "2018-07-28T15:49:33.548062",
                    "modified_ts": "2018-07-28T15:49:33.548068",
                    "mark_for_download": true,
                    "tags": [],
                    "comments": [
                        {
                            "id": 840,
                            "parent_moment": 249,
                            "author_id": 3,
                            "consultant_author": true,
                            "display_name": "AdamD",
                            "text": "This is a new comment",
                            "ts": "2018-07-28T15:44:30.490365"
                        }
                    ],
                    "download_bundle_path": null
                },
                {
                    "id": 232,
                    "parent_participant_id": 1,
                    "rating": 3,
                    "text": "Here\u2019s a video",
                    "gps": {
                        "long": null,
                        "lat": null
                    },
                    "added_ts": "2018-07-27T14:35:33.021340",
                    "modified_ts": "2018-07-27T14:35:33.021348",
                    "mark_for_download": true,
                    "tags": [],
                    "comments": [
                        {
                            "id": 839,
                            "parent_moment": 232,
                            "author_id": 1,
                            "consultant_author": false,
                            "display_name": "Participant 1",
                            "text": "Hello",
                            "ts": "2018-07-28T15:44:30.490365"
                        }
                    ],
                    "download_bundle_path": null
                }
            ]
        },
        {
            "id": 2,
            "within_project_number": 2,
            "display_name": "Participant 2",
            "active": false,
            "last_activity_ts": "2018-07-30T17:54:21.542351",
            "description": "Deliberating Doris",
            "download_bundle_path": "project_BF0001_participant_2_20180721_164803.zip",
            "moments": [
                {
                    "id": 6,
                    "parent_participant_id": 2,
                    "rating": 5,
                    "text": "Added from console again again",
                    "gps": {
                        "long": null,
                        "lat": null
                    },
                    "added_ts": "2018-07-19T17:03:37.908917",
                    "modified_ts": "2018-07-19T17:03:37.908923",
                    "mark_for_download": true,
                    "tags": [],
                    "comments": [],
                    "download_bundle_path": null
                }
            ]
        },
        {
            "id": 3,
            "within_project_number": 3,
            "display_name": "Testing123",
            "active": false,
            "last_activity_ts": "2018-07-30T17:54:21.545164",
            "description": "Test participant",
            "download_bundle_path": "project_BF0001_participant_3_20180721_165042.zip",
            "moments": []
        },
        {
            "id": 4,
            "within_project_number": 4,
            "display_name": "Testing1234",
            "active": false,
            "last_activity_ts": "2018-07-30T17:54:21.548089",
            "description": "Test participant 2",
            "download_bundle_path": null,
            "moments": []
        },
        {
            "id": 7,
            "within_project_number": 5,
            "display_name": "Added 1",
            "active": false,
            "last_activity_ts": "2018-07-30T17:54:21.551002",
            "description": "Added by bulk method",
            "download_bundle_path": null,
            "moments": []
        },
        {
            "id": 8,
            "within_project_number": 6,
            "display_name": "Added 2",
            "active": false,
            "last_activity_ts": "2018-07-30T17:54:21.554105",
            "description": "Added by bulk method",
            "download_bundle_path": null,
            "moments": []
        },
        {
            "id": 10,
            "within_project_number": 7,
            "display_name": "Added 1",
            "active": false,
            "last_activity_ts": "2018-07-30T17:54:21.556882",
            "description": "Added by bulk method",
            "download_bundle_path": null,
            "moments": []
        },
        {
            "id": 11,
            "within_project_number": 8,
            "display_name": "Added 1",
            "active": false,
            "last_activity_ts": "2018-07-30T17:54:21.559686",
            "description": "Added by bulk method",
            "download_bundle_path": null,
            "moments": []
        },
        {
            "id": 12,
            "within_project_number": 9,
            "display_name": "Added 1",
            "active": false,
            "last_activity_ts": "2018-07-30T17:54:21.562395",
            "description": "Added by bulk method",
            "download_bundle_path": null,
            "moments": []
        },
        {
            "id": 13,
            "within_project_number": 10,
            "display_name": "Added 1",
            "active": false,
            "last_activity_ts": "2018-07-30T17:54:21.565311",
            "description": "Added by bulk method",
            "download_bundle_path": null,
            "moments": []
        },
        {
            "id": 14,
            "within_project_number": 11,
            "display_name": "Added 2",
            "active": false,
            "last_activity_ts": "2018-07-30T17:54:21.568143",
            "description": "Added by bulk method",
            "download_bundle_path": null,
            "moments": []
        }
    ]
}