id,project_id,within_project_number,display_name,active,last_activity_ts,description
1,1,1,Participant 1,False,2018-07-30T17:54:21.536135,Jumpy Jack
2,1,2,Participant 2,False,2018-07-30T17:54:21.542351,Deliberating Doris
3,1,3,Testing123,False,2018-07-30T17:54:21.545164,Test participant
4,1,4,Testing1234,False,2018-07-30T17:54:21.548089,Test participant 2
7,1,5,Added 1,False,2018-07-30T17:54:21.551002,Added by bulk method
8,1,6,Added 2,False,2018-07-30T17:54:21.554105,Added by bulk method
10,1,7,Added 1,False,2018-07-30T17:54:21.556882,Added by bulk method
11,1,8,Added 1,False,2018-07-30T17:54:21.559686,Added by bulk method
12,1,9,Added 1,False,2018-07-30T17:54:21.562395,Added by bulk method
13,1,10,Added 1,False,2018-07-30T17:54:21.565311,Added by bulk method
14,1,11,Added 2,False,2018-07-30T17:54:21.568143,Added by bulk method
