{
    "id": 44,
    "parent_participant_id": 61,
    "rating": 5,
    "text": "Test moment 1",
    "gps": {
        "long": null,
        "lat": null
    },
    "added_ts": "2018-07-23T10:57:56.805163",
    "modified_ts": "2018-07-23T10:57:56.805171",
    "mark_for_download": true,
    "tags": [],
    "comments": [
        {
            "id": 23,
            "parent_moment": 44,
            "author_id": 3,
            "consultant_author": true,
            "display_name": "AdamD",
            "text": "Hello!",
            "ts": "2018-07-23T10:57:56.854114"
        },
        {
            "id": 24,
            "parent_moment": 44,
            "author_id": 61,
            "consultant_author": false,
            "display_name": "Participant 2",
            "text": "Hi there!",
            "ts": "2018-07-23T10:57:56.855530"
        }
    ],
    "project_id": 9
}