{
    "id": 41,
    "parent_participant_id": 60,
    "rating": 3,
    "text": "Test moment 1",
    "gps": {
        "long": null,
        "lat": null
    },
    "added_ts": "2018-07-23T10:57:56.726404",
    "modified_ts": "2018-07-23T10:57:56.726412",
    "mark_for_download": true,
    "tags": [],
    "comments": [
        {
            "id": 17,
            "parent_moment": 41,
            "author_id": 3,
            "consultant_author": true,
            "display_name": "AdamD",
            "text": "Hello!",
            "ts": "2018-07-23T10:57:56.775194"
        },
        {
            "id": 18,
            "parent_moment": 41,
            "author_id": 60,
            "consultant_author": false,
            "display_name": "Participant 1",
            "text": "Hi there!",
            "ts": "2018-07-23T10:57:56.776442"
        }
    ],
    "project_id": 9
}