id,parent_participant_id,rating,text,added_ts,modified_ts,mark_for_download,tags,project_id,participant_within_proj_num,gps_long,gps_lat
253,68,4,Higher res thunbnails,2018-07-28T16:20:49.836734,2018-07-28T16:20:49.836742,True,,10,1,,
252,68,4,Testing thumbnails still work,2018-07-28T16:19:19.691416,2018-07-28T16:19:19.691425,False,,10,1,,
250,68,3,,2018-07-28T16:02:06.474580,2018-07-28T16:02:06.474588,True,,10,1,,
242,68,4,That didn’t take long to arrive!,2018-07-27T17:02:30.164591,2018-07-27T17:02:30.164601,True,,10,1,,
241,68,5,Husband singing along with the karaoke in the ice cream parlour...,2018-07-27T16:58:28.711358,2018-07-27T16:58:28.711369,True,,10,1,,
240,68,3,Good selection of ice cream ,2018-07-27T16:49:05.537069,2018-07-27T16:49:05.537077,True,,10,1,,
239,68,3,"It would be nice if the location was working from iOS. Probably best to just make a quick demo html page with JavaScript to find out what’s happening rather than try to fix it in-situ. 

Would also like to change the label on the file upload button to “add photo or video”",2018-07-27T16:30:08.362614,2018-07-27T16:30:08.362623,False,,10,1,,
238,68,5,I love this cat!,2018-07-27T16:12:45.531269,2018-07-27T16:12:45.531276,False,,10,1,,
237,68,1,Food going mouldy :(,2018-07-27T16:09:52.083371,2018-07-27T16:09:52.083380,False,,10,1,,
234,68,3,First moment,2018-07-27T15:34:10.624745,2018-07-27T15:34:10.624756,False,,10,1,,
