id,project_id,within_project_number,display_name,active,last_activity_ts,description,moments_count
68,10,1,Participant 1,True,2018-07-30T17:51:27.929326,Project participant,10
69,10,2,Participant 2,True,2018-07-30T17:51:27.935050,Project participant,0
70,10,3,Participant 3,True,2018-07-30T17:51:27.937884,Project participant,0
71,10,4,Participant 4,True,2018-07-30T17:51:27.941021,Project participant,0
72,10,5,Participant 5,True,2018-07-30T17:51:27.944018,Project participant,0
73,10,6,Participant 6,True,2018-07-30T17:51:27.947017,Project participant,0
74,10,7,Participant 7,True,2018-07-30T17:51:27.950007,Project participant,0
75,10,8,Participant 8,True,2018-07-30T17:51:27.952881,Project participant,0
