id,parent_moment,author_id,consultant_author,display_name,text,ts,author_type,project_id
846,253,3,True,AdamD,Does this work?,2018-07-31T17:46:19.937327,consultant,10
847,253,3,True,AdamD,Does this work?,2018-07-31T17:47:01.429822,consultant,10
848,253,3,True,AdamD,Will it work better this time?,2018-07-31T17:47:43.231274,consultant,10
849,253,3,True,AdamD,It's working great!,2018-07-31T17:47:48.396389,consultant,10
850,253,3,True,AdamD,asd,2018-07-31T17:48:12.733472,consultant,10
851,253,3,True,AdamD,Rubbish comments here!,2018-07-31T17:48:57.503440,consultant,10
852,253,3,True,AdamD,A new comment added,2018-07-31T18:00:22.162084,consultant,10
856,253,3,True,AdamD,"It works now, from an iPad too",2018-07-31T18:36:00.763136,consultant,10
838,241,68,False,Participant 1,Definitely worth 5 stars,2018-07-27T16:58:55.751115,participant,10
837,237,3,True,AdamD,Gross!,2018-07-27T16:09:00.083860,consultant,10
832,234,68,False,Participant 1,"I didn’t add much info, did I?",2018-07-27T15:34:22.551442,participant,10
833,234,3,True,AdamD,"No, not really!",2018-07-27T15:34:22.551442,consultant,10
