{
    "id": 61,
    "parent_participant_id": 67,
    "rating": 4,
    "text": "Test moment 0",
    "gps": {
        "long": null,
        "lat": null
    },
    "added_ts": "2018-07-23T10:57:57.266520",
    "modified_ts": "2018-07-23T10:57:57.266525",
    "mark_for_download": true,
    "tags": [],
    "comments": [
        {
            "id": 61,
            "parent_moment": 61,
            "author_id": 3,
            "consultant_author": true,
            "display_name": "AdamD",
            "text": "Hello!",
            "ts": "2018-07-23T10:57:57.343787"
        },
        {
            "id": 62,
            "parent_moment": 61,
            "author_id": 67,
            "consultant_author": false,
            "display_name": "Participant 8",
            "text": "Hi there!",
            "ts": "2018-07-23T10:57:57.345080"
        }
    ],
    "project_id": 9
}