{
    "id": 232,
    "parent_participant_id": 1,
    "rating": 3,
    "text": "Here\u2019s a video",
    "gps": {
        "long": null,
        "lat": null
    },
    "added_ts": "2018-07-27T14:35:33.021340",
    "modified_ts": "2018-07-27T14:35:33.021348",
    "mark_for_download": true,
    "tags": [],
    "comments": [
        {
            "id": 839,
            "parent_moment": 232,
            "author_id": 1,
            "consultant_author": false,
            "display_name": "Participant 1",
            "text": "Hello",
            "ts": "2018-07-28T15:44:30.490365"
        },
        {
            "id": 873,
            "parent_moment": 232,
            "author_id": 3,
            "consultant_author": true,
            "display_name": "AdamD",
            "text": "Nice video",
            "ts": "2018-08-01T12:05:21.370332"
        }
    ],
    "project_id": 1
}