{
    "id": 52,
    "parent_participant_id": 64,
    "rating": 1,
    "text": "Test moment 0",
    "gps": {
        "long": null,
        "lat": null
    },
    "added_ts": "2018-07-23T10:57:57.024374",
    "modified_ts": "2018-07-23T10:57:57.024379",
    "mark_for_download": true,
    "tags": [],
    "comments": [
        {
            "id": 43,
            "parent_moment": 52,
            "author_id": 3,
            "consultant_author": true,
            "display_name": "AdamD",
            "text": "Hello!",
            "ts": "2018-07-23T10:57:57.102079"
        },
        {
            "id": 44,
            "parent_moment": 52,
            "author_id": 64,
            "consultant_author": false,
            "display_name": "Participant 5",
            "text": "Hi there!",
            "ts": "2018-07-23T10:57:57.103453"
        }
    ],
    "project_id": 9
}