{
    "id": 42,
    "parent_participant_id": 60,
    "rating": 3,
    "text": "Test moment 2",
    "gps": {
        "long": null,
        "lat": null
    },
    "added_ts": "2018-07-23T10:57:56.748555",
    "modified_ts": "2018-07-23T10:57:56.748561",
    "mark_for_download": true,
    "tags": [],
    "comments": [
        {
            "id": 15,
            "parent_moment": 42,
            "author_id": 3,
            "consultant_author": true,
            "display_name": "AdamD",
            "text": "Hello!",
            "ts": "2018-07-23T10:57:56.771660"
        },
        {
            "id": 16,
            "parent_moment": 42,
            "author_id": 60,
            "consultant_author": false,
            "display_name": "Participant 1",
            "text": "Hi there!",
            "ts": "2018-07-23T10:57:56.773191"
        }
    ],
    "project_id": 9
}