{
    "id": 49,
    "parent_participant_id": 63,
    "rating": 3,
    "text": "Test moment 0",
    "gps": {
        "long": null,
        "lat": null
    },
    "added_ts": "2018-07-23T10:57:56.943224",
    "modified_ts": "2018-07-23T10:57:56.943231",
    "mark_for_download": true,
    "tags": [],
    "comments": [
        {
            "id": 37,
            "parent_moment": 49,
            "author_id": 3,
            "consultant_author": true,
            "display_name": "AdamD",
            "text": "Hello!",
            "ts": "2018-07-23T10:57:57.020769"
        },
        {
            "id": 38,
            "parent_moment": 49,
            "author_id": 63,
            "consultant_author": false,
            "display_name": "Participant 4",
            "text": "Hi there!",
            "ts": "2018-07-23T10:57:57.022064"
        }
    ],
    "project_id": 9
}