{
    "id": 46,
    "parent_participant_id": 62,
    "rating": 4,
    "text": "Test moment 0",
    "gps": {
        "long": null,
        "lat": null
    },
    "added_ts": "2018-07-23T10:57:56.860867",
    "modified_ts": "2018-07-23T10:57:56.860872",
    "mark_for_download": true,
    "tags": [],
    "comments": [
        {
            "id": 31,
            "parent_moment": 46,
            "author_id": 3,
            "consultant_author": true,
            "display_name": "AdamD",
            "text": "Hello!",
            "ts": "2018-07-23T10:57:56.939621"
        },
        {
            "id": 32,
            "parent_moment": 46,
            "author_id": 62,
            "consultant_author": false,
            "display_name": "Participant 3",
            "text": "Hi there!",
            "ts": "2018-07-23T10:57:56.940947"
        }
    ],
    "project_id": 9
}