{
    "id": 50,
    "parent_participant_id": 63,
    "rating": 4,
    "text": "Test moment 1",
    "gps": {
        "long": null,
        "lat": null
    },
    "added_ts": "2018-07-23T10:57:56.967108",
    "modified_ts": "2018-07-23T10:57:56.967115",
    "mark_for_download": true,
    "tags": [],
    "comments": [
        {
            "id": 35,
            "parent_moment": 50,
            "author_id": 3,
            "consultant_author": true,
            "display_name": "AdamD",
            "text": "Hello!",
            "ts": "2018-07-23T10:57:57.017260"
        },
        {
            "id": 36,
            "parent_moment": 50,
            "author_id": 63,
            "consultant_author": false,
            "display_name": "Participant 4",
            "text": "Hi there!",
            "ts": "2018-07-23T10:57:57.018536"
        }
    ],
    "project_id": 9
}