{
    "id": 62,
    "parent_participant_id": 67,
    "rating": 5,
    "text": "Test moment 1",
    "gps": {
        "long": null,
        "lat": null
    },
    "added_ts": "2018-07-23T10:57:57.289385",
    "modified_ts": "2018-07-23T10:57:57.289393",
    "mark_for_download": true,
    "tags": [],
    "comments": [
        {
            "id": 59,
            "parent_moment": 62,
            "author_id": 3,
            "consultant_author": true,
            "display_name": "AdamD",
            "text": "Hello!",
            "ts": "2018-07-23T10:57:57.340448"
        },
        {
            "id": 60,
            "parent_moment": 62,
            "author_id": 67,
            "consultant_author": false,
            "display_name": "Participant 8",
            "text": "Hi there!",
            "ts": "2018-07-23T10:57:57.341851"
        }
    ],
    "project_id": 9
}