{
    "id": 58,
    "parent_participant_id": 66,
    "rating": 5,
    "text": "Test moment 0",
    "gps": {
        "long": null,
        "lat": null
    },
    "added_ts": "2018-07-23T10:57:57.188584",
    "modified_ts": "2018-07-23T10:57:57.188589",
    "mark_for_download": true,
    "tags": [],
    "comments": [
        {
            "id": 55,
            "parent_moment": 58,
            "author_id": 3,
            "consultant_author": true,
            "display_name": "AdamD",
            "text": "Hello!",
            "ts": "2018-07-23T10:57:57.263268"
        },
        {
            "id": 56,
            "parent_moment": 58,
            "author_id": 66,
            "consultant_author": false,
            "display_name": "Participant 7",
            "text": "Hi there!",
            "ts": "2018-07-23T10:57:57.264506"
        }
    ],
    "project_id": 9
}