{
    "id": 59,
    "parent_participant_id": 66,
    "rating": 2,
    "text": "Test moment 1",
    "gps": {
        "long": null,
        "lat": null
    },
    "added_ts": "2018-07-23T10:57:57.211310",
    "modified_ts": "2018-07-23T10:57:57.211317",
    "mark_for_download": true,
    "tags": [],
    "comments": [
        {
            "id": 53,
            "parent_moment": 59,
            "author_id": 3,
            "consultant_author": true,
            "display_name": "AdamD",
            "text": "Hello!",
            "ts": "2018-07-23T10:57:57.259837"
        },
        {
            "id": 54,
            "parent_moment": 59,
            "author_id": 66,
            "consultant_author": false,
            "display_name": "Participant 7",
            "text": "Hi there!",
            "ts": "2018-07-23T10:57:57.261168"
        }
    ],
    "project_id": 9
}